[
    {
        "index": 0,
        "timestamp": 1745231903.072696,
        "voter_hash": "GENESIS",
        "state": "None",
        "district": "None",
        "party": "None",
        "previous_hash": "0",
        "hash": "67a784dcc204dbe445b4c00c31bf7b2956c1a99135a9fed5fcb4b250ed069b2d"
    },
    {
        "index": 1,
        "timestamp": 1745231903.0846844,
        "voter_hash": "8bb0cf6eb9b17d0f7d22b456f121257dc1254e1f01665370476383ea776df414",
        "state": "kerala",
        "district": "",
        "party": "Party A",
        "previous_hash": "67a784dcc204dbe445b4c00c31bf7b2956c1a99135a9fed5fcb4b250ed069b2d",
        "hash": "909976dc2c6fec70ecffac5b2ff74249b78794ae051bcb05b0541ab0cc9f78f1"
    },
    {
        "index": 2,
        "timestamp": 1745234911.1602573,
        "voter_hash": "5994471abb01112afcc18159f6cc74b4f511b99806da59b3caf5a9c173cacfc5",
        "state": "Kerala",
        "district": "Thrissur",
        "party": "Party A",
        "previous_hash": "909976dc2c6fec70ecffac5b2ff74249b78794ae051bcb05b0541ab0cc9f78f1",
        "hash": "01b266641d3a431844b92333dbefb211e4a57f928389c0348b355c36fb3731d0"
    }
]