{
    "12345": {
        "name": "Arya R",
        "state": "Kerala",
        "district": "Thrissur"
    },
    "67890": {
        "name": "Vishnu N",
        "state": "Kerala",
        "district": "Ernakulam"
    },
    "1020": {
        "name": "ramesh",
        "state": "kerala",
        "district": "thrissur"
    },
    "1030": {
        "name": "alice",
        "state": "kerala",
        "district": "kochi"
    },
    "1010": {
        "name": "raju",
        "state": "kerala",
        "district": "thrissur"
    },
    "1211": {
        "name": "ramya",
        "state": "kerala",
        "district": "trivandrum"
    },
    "1213": {
        "name": "aryan",
        "state": "kerala",
        "district": "alappuzha"
    },
    "1408": {
        "name": "ravi",
        "state": "kerala",
        "district": "idukki"
    },
    "1133": {
        "name": "john",
        "state": "kerala",
        "district": "trivandrum"
    },
    "2010": {
        "name": "nandhana",
        "state": "kerala",
        "district": "kollam"
    },
    "2005": {
        "name": "krishna",
        "state": "kerala",
        "district": "kasaragod"
    },
    "1618": {
        "name": "aryanandha",
        "state": "kerala",
        "district": "kottayam"
    },
    "1716": {
        "name": "anu",
        "state": "kerala",
        "district": "palakkad"
    },
    "0201": {
        "name": "abhi",
        "state": "kerala",
        "district": "thrissur"
    },
    "6063": {
        "name": "vishnu",
        "state": "kerala",
        "district": "ernakulam"
    },
    "1060": {
        "name": "akash",
        "state": "kerala",
        "district": "kollam"
    },
    "2025": {
        "name": "arjun",
        "state": "kerala",
        "district": "malappuram"
    },
    "1205": {
        "name": "ramanan",
        "state": "kerala",
        "district": "kozhikode"
    },
    "1050": {
        "name": "beem",
        "state": "kerala",
        "district": "trivandrum"
    },
    "1295": {
        "name": "rajan",
        "state": "kerala",
        "district": "idukki"
    }
}